{
  "id_osiedla" : {
    "nazwa_osiedla" : "Osiedle jeden",
    "parkingi" : {
      "id_parkingu" : {
        "G_szer" : 52.557986,
        "G_wys" : 19.682158,
        "miejsca" : {
          "id_miejsca" : {
            "G_szer" : 52.557986,
            "G_wys" : 19.682158,
            "czy_zajete" : false
          },
          "id_miejsca2" : {
            "G_szer" : 52.557988,
            "G_wys" : 19.68216,
            "czy_zajete" : true
          }
        },
        "nazwa_parkingu" : "parking łukasiewicza osiedle"
      },
      "id_parkingu2" : {
        "G_szer" : 52.557986,
        "G_wys" : 19.682158,
        "nazwa_parkingu" : "parking przy pwsz"
      }
    },
    "szerokoscG" : 52.557986,
    "wysokoscG" : 19.682158
  }
}
